sample_id,image_id,part_category,text_category,label,prediction
v4_air_compressor_test_0017_2ec947368779f7c7_match_01,v4_air_compressor_test_0017_2ec947368779f7c7,air_compressor,air_compressor,MATCH,PARTIAL_MATCH
v4_air_compressor_test_0020_d8de8cdc196b48c6_match_01,v4_air_compressor_test_0020_d8de8cdc196b48c6,air_compressor,air_compressor,MATCH,PARTIAL_MATCH
v4_air_compressor_test_0017_2ec947368779f7c7_match_02,v4_air_compressor_test_0017_2ec947368779f7c7,air_compressor,air_compressor,MATCH,PARTIAL_MATCH
v4_air_compressor_test_0020_d8de8cdc196b48c6_match_02,v4_air_compressor_test_0020_d8de8cdc196b48c6,air_compressor,air_compressor,MATCH,PARTIAL_MATCH
v4_radiator_hose_test_0007_bdeba690eba026b1_match_01,v4_radiator_hose_test_0007_bdeba690eba026b1,radiator_hose,radiator_hose,MATCH,MISMATCH
v4_radiator_hose_test_0002_eff92cde10665d5d_match_01,v4_radiator_hose_test_0002_eff92cde10665d5d,radiator_hose,radiator_hose,MATCH,MISMATCH
v4_radiator_hose_test_0007_bdeba690eba026b1_match_02,v4_radiator_hose_test_0007_bdeba690eba026b1,radiator_hose,radiator_hose,MATCH,MISMATCH
v4_radiator_hose_test_0002_eff92cde10665d5d_match_02,v4_radiator_hose_test_0002_eff92cde10665d5d,radiator_hose,radiator_hose,MATCH,MISMATCH
v4_water_pump_test_0020_24f41fe79a4b3eae_match_01,v4_water_pump_test_0020_24f41fe79a4b3eae,water_pump,water_pump,MATCH,PARTIAL_MATCH
v4_water_pump_test_0011_e836cdb1cfd6a66b_match_01,v4_water_pump_test_0011_e836cdb1cfd6a66b,water_pump,water_pump,MATCH,MISMATCH
v4_water_pump_test_0020_24f41fe79a4b3eae_match_02,v4_water_pump_test_0020_24f41fe79a4b3eae,water_pump,water_pump,MATCH,PARTIAL_MATCH
v4_water_pump_test_0011_e836cdb1cfd6a66b_match_02,v4_water_pump_test_0011_e836cdb1cfd6a66b,water_pump,water_pump,MATCH,MISMATCH
v4_camshaft_test_0006_7cbcd712700e92d6_match_01,v4_camshaft_test_0006_7cbcd712700e92d6,camshaft,camshaft,MATCH,PARTIAL_MATCH
v4_camshaft_test_0006_7cbcd712700e92d6_match_02,v4_camshaft_test_0006_7cbcd712700e92d6,camshaft,camshaft,MATCH,PARTIAL_MATCH
v4_crankshaft_test_0024_7947c64cf95256b2_match_01,v4_crankshaft_test_0024_7947c64cf95256b2,crankshaft,crankshaft,MATCH,PARTIAL_MATCH
v4_crankshaft_test_0024_7947c64cf95256b2_match_02,v4_crankshaft_test_0024_7947c64cf95256b2,crankshaft,crankshaft,MATCH,PARTIAL_MATCH
v4_engine_block_test_0022_b98175ae216312be_match_01,v4_engine_block_test_0022_b98175ae216312be,engine_block,engine_block,MATCH,PARTIAL_MATCH
v4_engine_block_test_0022_b98175ae216312be_match_02,v4_engine_block_test_0022_b98175ae216312be,engine_block,engine_block,MATCH,PARTIAL_MATCH
v4_engine_valve_test_0021_97d4f176ad87af6a_match_01,v4_engine_valve_test_0021_97d4f176ad87af6a,engine_valve,engine_valve,MATCH,MISMATCH
v4_engine_valve_test_0021_97d4f176ad87af6a_match_02,v4_engine_valve_test_0021_97d4f176ad87af6a,engine_valve,engine_valve,MATCH,MISMATCH
v4_distributor_test_0011_d14d8e059b7f7a21_match_01,v4_distributor_test_0011_d14d8e059b7f7a21,distributor,distributor,MATCH,PARTIAL_MATCH
v4_distributor_test_0019_dcb1478876e534ba_match_01,v4_distributor_test_0019_dcb1478876e534ba,distributor,distributor,MATCH,MISMATCH
v4_distributor_test_0023_e5841499c58756dd_match_01,v4_distributor_test_0023_e5841499c58756dd,distributor,distributor,MATCH,PARTIAL_MATCH
v4_distributor_test_0011_d14d8e059b7f7a21_match_02,v4_distributor_test_0011_d14d8e059b7f7a21,distributor,distributor,MATCH,PARTIAL_MATCH
v4_distributor_test_0019_dcb1478876e534ba_match_02,v4_distributor_test_0019_dcb1478876e534ba,distributor,distributor,MATCH,MISMATCH
v4_distributor_test_0023_e5841499c58756dd_match_02,v4_distributor_test_0023_e5841499c58756dd,distributor,distributor,MATCH,PARTIAL_MATCH
v4_distributor_test_0011_d14d8e059b7f7a21_match_03,v4_distributor_test_0011_d14d8e059b7f7a21,distributor,distributor,MATCH,PARTIAL_MATCH
v4_fuel_injector_test_0005_2f2a9ce1d8fde0cb_match_01,v4_fuel_injector_test_0005_2f2a9ce1d8fde0cb,fuel_injector,fuel_injector,MATCH,PARTIAL_MATCH
v4_fuel_injector_test_0005_2f2a9ce1d8fde0cb_match_02,v4_fuel_injector_test_0005_2f2a9ce1d8fde0cb,fuel_injector,fuel_injector,MATCH,PARTIAL_MATCH
v4_fuel_injector_test_0005_2f2a9ce1d8fde0cb_match_03,v4_fuel_injector_test_0005_2f2a9ce1d8fde0cb,fuel_injector,fuel_injector,MATCH,PARTIAL_MATCH
v4_ignition_coil_test_0016_311d860ca63db180_match_01,v4_ignition_coil_test_0016_311d860ca63db180,ignition_coil,ignition_coil,MATCH,PARTIAL_MATCH
v4_ignition_coil_test_0016_311d860ca63db180_match_02,v4_ignition_coil_test_0016_311d860ca63db180,ignition_coil,ignition_coil,MATCH,PARTIAL_MATCH
v4_spark_plug_test_0020_cf4b36c5a613d930_match_01,v4_spark_plug_test_0020_cf4b36c5a613d930,spark_plug,spark_plug,MATCH,PARTIAL_MATCH
v4_spark_plug_test_0011_da579cf485348b9d_match_01,v4_spark_plug_test_0011_da579cf485348b9d,spark_plug,spark_plug,MATCH,PARTIAL_MATCH
v4_spark_plug_test_0020_cf4b36c5a613d930_match_02,v4_spark_plug_test_0020_cf4b36c5a613d930,spark_plug,spark_plug,MATCH,PARTIAL_MATCH
v4_spark_plug_test_0011_da579cf485348b9d_match_02,v4_spark_plug_test_0011_da579cf485348b9d,spark_plug,spark_plug,MATCH,PARTIAL_MATCH
v4_idler_arm_test_0027_a965628f9c0e3295_match_01,v4_idler_arm_test_0027_a965628f9c0e3295,idler_arm,idler_arm,MATCH,MISMATCH
v4_idler_arm_test_0027_a965628f9c0e3295_match_02,v4_idler_arm_test_0027_a965628f9c0e3295,idler_arm,idler_arm,MATCH,MISMATCH
v4_leaf_spring_test_0004_29bba8f26a23b119_match_01,v4_leaf_spring_test_0004_29bba8f26a23b119,leaf_spring,leaf_spring,MATCH,MISMATCH
v4_leaf_spring_test_0003_99814a47deae3c7d_match_01,v4_leaf_spring_test_0003_99814a47deae3c7d,leaf_spring,leaf_spring,MATCH,PARTIAL_MATCH
v4_leaf_spring_test_0004_29bba8f26a23b119_match_02,v4_leaf_spring_test_0004_29bba8f26a23b119,leaf_spring,leaf_spring,MATCH,MISMATCH
v4_leaf_spring_test_0003_99814a47deae3c7d_match_02,v4_leaf_spring_test_0003_99814a47deae3c7d,leaf_spring,leaf_spring,MATCH,PARTIAL_MATCH
v4_leaf_spring_test_0004_29bba8f26a23b119_match_03,v4_leaf_spring_test_0004_29bba8f26a23b119,leaf_spring,leaf_spring,MATCH,MISMATCH
v4_leaf_spring_test_0003_99814a47deae3c7d_match_03,v4_leaf_spring_test_0003_99814a47deae3c7d,leaf_spring,leaf_spring,MATCH,PARTIAL_MATCH
v4_leaf_spring_test_0004_29bba8f26a23b119_match_04,v4_leaf_spring_test_0004_29bba8f26a23b119,leaf_spring,leaf_spring,MATCH,MISMATCH
v4_lower_control_arm_test_0018_fb4d8b5b3050d97e_match_01,v4_lower_control_arm_test_0018_fb4d8b5b3050d97e,lower_control_arm,lower_control_arm,MATCH,MISMATCH
v4_lower_control_arm_test_0018_fb4d8b5b3050d97e_match_02,v4_lower_control_arm_test_0018_fb4d8b5b3050d97e,lower_control_arm,lower_control_arm,MATCH,MISMATCH
v4_alternator_test_0004_90e7591cbf64678d_match_01,v4_alternator_test_0004_90e7591cbf64678d,alternator,alternator,MATCH,PARTIAL_MATCH
v4_alternator_test_0011_e509ed02d458c18b_match_01,v4_alternator_test_0011_e509ed02d458c18b,alternator,alternator,MATCH,PARTIAL_MATCH
v4_alternator_test_0004_90e7591cbf64678d_match_02,v4_alternator_test_0004_90e7591cbf64678d,alternator,alternator,MATCH,PARTIAL_MATCH
v4_alternator_test_0011_e509ed02d458c18b_match_02,v4_alternator_test_0011_e509ed02d458c18b,alternator,alternator,MATCH,PARTIAL_MATCH
v4_brake_caliper_test_0026_87b412a34bd8b22c_match_01,v4_brake_caliper_test_0026_87b412a34bd8b22c,brake_caliper,brake_caliper,MATCH,MISMATCH
v4_brake_caliper_test_0026_87b412a34bd8b22c_match_02,v4_brake_caliper_test_0026_87b412a34bd8b22c,brake_caliper,brake_caliper,MATCH,MISMATCH
v4_vacuum_brake_booster_test_0002_77d5251cb43ddd4e_match_01,v4_vacuum_brake_booster_test_0002_77d5251cb43ddd4e,vacuum_brake_booster,vacuum_brake_booster,MATCH,MISMATCH
v4_vacuum_brake_booster_test_0002_77d5251cb43ddd4e_match_02,v4_vacuum_brake_booster_test_0002_77d5251cb43ddd4e,vacuum_brake_booster,vacuum_brake_booster,MATCH,MISMATCH
v4_pressure_plate_test_0020_7da153132f9c22a3_match_01,v4_pressure_plate_test_0020_7da153132f9c22a3,pressure_plate,pressure_plate,MATCH,PARTIAL_MATCH
v4_pressure_plate_test_0020_7da153132f9c22a3_match_02,v4_pressure_plate_test_0020_7da153132f9c22a3,pressure_plate,pressure_plate,MATCH,PARTIAL_MATCH
v4_transmission_test_0009_25bf35275d107bd1_match_01,v4_transmission_test_0009_25bf35275d107bd1,transmission,transmission,MATCH,MISMATCH
v4_transmission_test_0009_25bf35275d107bd1_match_02,v4_transmission_test_0009_25bf35275d107bd1,transmission,transmission,MATCH,MISMATCH
v4_transmission_test_0009_25bf35275d107bd1_match_03,v4_transmission_test_0009_25bf35275d107bd1,transmission,transmission,MATCH,MISMATCH
v4_gas_cap_test_0022_b4c77a3293af0625_match_01,v4_gas_cap_test_0022_b4c77a3293af0625,gas_cap,gas_cap,MATCH,MISMATCH
v4_gas_cap_test_0022_b4c77a3293af0625_match_02,v4_gas_cap_test_0022_b4c77a3293af0625,gas_cap,gas_cap,MATCH,MISMATCH
v4_instrument_cluster_test_0002_f52508ae87d1ceca_match_01,v4_instrument_cluster_test_0002_f52508ae87d1ceca,instrument_cluster,instrument_cluster,MATCH,PARTIAL_MATCH
v4_instrument_cluster_test_0002_f52508ae87d1ceca_match_02,v4_instrument_cluster_test_0002_f52508ae87d1ceca,instrument_cluster,instrument_cluster,MATCH,PARTIAL_MATCH
v4_radio_test_0003_68fa61e371750959_match_01,v4_radio_test_0003_68fa61e371750959,radio,radio,MATCH,PARTIAL_MATCH
v4_radio_test_0003_68fa61e371750959_match_02,v4_radio_test_0003_68fa61e371750959,radio,radio,MATCH,PARTIAL_MATCH
v4_oxygen_sensor_test_0022_2d9775ab2b8d35a4_match_01,v4_oxygen_sensor_test_0022_2d9775ab2b8d35a4,oxygen_sensor,oxygen_sensor,MATCH,PARTIAL_MATCH
v4_oxygen_sensor_test_0011_72ff1544c9f911bd_match_01,v4_oxygen_sensor_test_0011_72ff1544c9f911bd,oxygen_sensor,oxygen_sensor,MATCH,PARTIAL_MATCH
v4_oxygen_sensor_test_0027_df9cb5ae34907a2d_match_01,v4_oxygen_sensor_test_0027_df9cb5ae34907a2d,oxygen_sensor,oxygen_sensor,MATCH,PARTIAL_MATCH
v4_oxygen_sensor_test_0022_2d9775ab2b8d35a4_match_02,v4_oxygen_sensor_test_0022_2d9775ab2b8d35a4,oxygen_sensor,oxygen_sensor,MATCH,PARTIAL_MATCH
v4_oxygen_sensor_test_0011_72ff1544c9f911bd_match_02,v4_oxygen_sensor_test_0011_72ff1544c9f911bd,oxygen_sensor,oxygen_sensor,MATCH,PARTIAL_MATCH
v4_oxygen_sensor_test_0027_df9cb5ae34907a2d_match_02,v4_oxygen_sensor_test_0027_df9cb5ae34907a2d,oxygen_sensor,oxygen_sensor,MATCH,PARTIAL_MATCH
v4_taillight_test_0006_2bd58477e4578ad3_match_01,v4_taillight_test_0006_2bd58477e4578ad3,taillight,taillight,MATCH,PARTIAL_MATCH
v4_taillight_test_0007_88c58ce25e33abaa_match_01,v4_taillight_test_0007_88c58ce25e33abaa,taillight,taillight,MATCH,PARTIAL_MATCH
v4_taillight_test_0006_2bd58477e4578ad3_match_02,v4_taillight_test_0006_2bd58477e4578ad3,taillight,taillight,MATCH,PARTIAL_MATCH
v4_taillight_test_0007_88c58ce25e33abaa_match_02,v4_taillight_test_0007_88c58ce25e33abaa,taillight,taillight,MATCH,PARTIAL_MATCH
v4_air_compressor_test_0020_d8de8cdc196b48c6_partial_match_01,v4_air_compressor_test_0020_d8de8cdc196b48c6,air_compressor,overflow_tank,PARTIAL_MATCH,MATCH
v4_air_compressor_test_0008_fe34b63e1e577d4e_partial_match_01,v4_air_compressor_test_0008_fe34b63e1e577d4e,air_compressor,overflow_tank,PARTIAL_MATCH,MISMATCH
v4_air_compressor_test_0020_d8de8cdc196b48c6_partial_match_02,v4_air_compressor_test_0020_d8de8cdc196b48c6,air_compressor,overflow_tank,PARTIAL_MATCH,MATCH
v4_air_compressor_test_0008_fe34b63e1e577d4e_partial_match_02,v4_air_compressor_test_0008_fe34b63e1e577d4e,air_compressor,overflow_tank,PARTIAL_MATCH,MISMATCH
v4_overflow_tank_test_0011_9fbeac08dfb5ae41_partial_match_01,v4_overflow_tank_test_0011_9fbeac08dfb5ae41,overflow_tank,radiator,PARTIAL_MATCH,MISMATCH
v4_overflow_tank_test_0013_bba2eeefcc6f91d0_partial_match_01,v4_overflow_tank_test_0013_bba2eeefcc6f91d0,overflow_tank,radiator,PARTIAL_MATCH,MATCH
v4_overflow_tank_test_0016_e5e8ff330331c45c_partial_match_01,v4_overflow_tank_test_0016_e5e8ff330331c45c,overflow_tank,radiator,PARTIAL_MATCH,MISMATCH
v4_overflow_tank_test_0001_f2804726d76c132b_partial_match_01,v4_overflow_tank_test_0001_f2804726d76c132b,overflow_tank,radiator,PARTIAL_MATCH,MISMATCH
v4_overflow_tank_test_0011_9fbeac08dfb5ae41_partial_match_02,v4_overflow_tank_test_0011_9fbeac08dfb5ae41,overflow_tank,radiator,PARTIAL_MATCH,MISMATCH
v4_overflow_tank_test_0013_bba2eeefcc6f91d0_partial_match_02,v4_overflow_tank_test_0013_bba2eeefcc6f91d0,overflow_tank,radiator,PARTIAL_MATCH,MATCH
v4_overflow_tank_test_0016_e5e8ff330331c45c_partial_match_02,v4_overflow_tank_test_0016_e5e8ff330331c45c,overflow_tank,radiator,PARTIAL_MATCH,MISMATCH
v4_overflow_tank_test_0001_f2804726d76c132b_partial_match_02,v4_overflow_tank_test_0001_f2804726d76c132b,overflow_tank,radiator,PARTIAL_MATCH,MISMATCH
v4_radiator_fan_test_0010_3f1b73580dfc70cd_partial_match_01,v4_radiator_fan_test_0010_3f1b73580dfc70cd,radiator_fan,radiator_hose,PARTIAL_MATCH,MATCH
v4_radiator_fan_test_0010_3f1b73580dfc70cd_partial_match_02,v4_radiator_fan_test_0010_3f1b73580dfc70cd,radiator_fan,radiator_hose,PARTIAL_MATCH,MATCH
v4_radiator_fan_test_0010_3f1b73580dfc70cd_partial_match_03,v4_radiator_fan_test_0010_3f1b73580dfc70cd,radiator_fan,radiator_hose,PARTIAL_MATCH,MATCH
v4_radiator_hose_test_0012_598d4fb9c49ecfe9_partial_match_01,v4_radiator_hose_test_0012_598d4fb9c49ecfe9,radiator_hose,thermostat,PARTIAL_MATCH,MISMATCH
v4_radiator_hose_test_0002_eff92cde10665d5d_partial_match_01,v4_radiator_hose_test_0002_eff92cde10665d5d,radiator_hose,thermostat,PARTIAL_MATCH,MISMATCH
v4_radiator_hose_test_0023_f65e3ca6ff07d9e9_partial_match_01,v4_radiator_hose_test_0023_f65e3ca6ff07d9e9,radiator_hose,thermostat,PARTIAL_MATCH,MATCH
v4_radiator_hose_test_0012_598d4fb9c49ecfe9_partial_match_02,v4_radiator_hose_test_0012_598d4fb9c49ecfe9,radiator_hose,thermostat,PARTIAL_MATCH,MISMATCH
v4_radiator_hose_test_0002_eff92cde10665d5d_partial_match_02,v4_radiator_hose_test_0002_eff92cde10665d5d,radiator_hose,thermostat,PARTIAL_MATCH,MISMATCH
v4_radiator_hose_test_0023_f65e3ca6ff07d9e9_partial_match_02,v4_radiator_hose_test_0023_f65e3ca6ff07d9e9,radiator_hose,thermostat,PARTIAL_MATCH,MATCH
v4_water_pump_test_0025_0231197b5637c5f3_partial_match_01,v4_water_pump_test_0025_0231197b5637c5f3,water_pump,air_compressor,PARTIAL_MATCH,MISMATCH
v4_water_pump_test_0020_24f41fe79a4b3eae_partial_match_01,v4_water_pump_test_0020_24f41fe79a4b3eae,water_pump,air_compressor,PARTIAL_MATCH,MISMATCH
v4_water_pump_test_0025_0231197b5637c5f3_partial_match_02,v4_water_pump_test_0025_0231197b5637c5f3,water_pump,air_compressor,PARTIAL_MATCH,MISMATCH
v4_water_pump_test_0020_24f41fe79a4b3eae_partial_match_02,v4_water_pump_test_0020_24f41fe79a4b3eae,water_pump,air_compressor,PARTIAL_MATCH,MISMATCH
v4_water_pump_test_0025_0231197b5637c5f3_partial_match_03,v4_water_pump_test_0025_0231197b5637c5f3,water_pump,air_compressor,PARTIAL_MATCH,MISMATCH
v4_camshaft_test_0002_138fa7670cafff91_partial_match_01,v4_camshaft_test_0002_138fa7670cafff91,camshaft,crankshaft,PARTIAL_MATCH,MATCH
v4_camshaft_test_0003_4d11de9350efa1d8_partial_match_01,v4_camshaft_test_0003_4d11de9350efa1d8,camshaft,crankshaft,PARTIAL_MATCH,MATCH
v4_camshaft_test_0006_7cbcd712700e92d6_partial_match_01,v4_camshaft_test_0006_7cbcd712700e92d6,camshaft,crankshaft,PARTIAL_MATCH,MATCH
v4_camshaft_test_0004_a65f5e71e1c3aa46_partial_match_01,v4_camshaft_test_0004_a65f5e71e1c3aa46,camshaft,crankshaft,PARTIAL_MATCH,MATCH
v4_camshaft_test_0014_fbf3ed5cc2027102_partial_match_01,v4_camshaft_test_0014_fbf3ed5cc2027102,camshaft,crankshaft,PARTIAL_MATCH,MATCH
v4_camshaft_test_0002_138fa7670cafff91_partial_match_02,v4_camshaft_test_0002_138fa7670cafff91,camshaft,crankshaft,PARTIAL_MATCH,MATCH
v4_camshaft_test_0003_4d11de9350efa1d8_partial_match_02,v4_camshaft_test_0003_4d11de9350efa1d8,camshaft,crankshaft,PARTIAL_MATCH,MATCH
v4_camshaft_test_0006_7cbcd712700e92d6_partial_match_02,v4_camshaft_test_0006_7cbcd712700e92d6,camshaft,crankshaft,PARTIAL_MATCH,MATCH
v4_camshaft_test_0004_a65f5e71e1c3aa46_partial_match_02,v4_camshaft_test_0004_a65f5e71e1c3aa46,camshaft,crankshaft,PARTIAL_MATCH,MATCH
v4_camshaft_test_0014_fbf3ed5cc2027102_partial_match_02,v4_camshaft_test_0014_fbf3ed5cc2027102,camshaft,crankshaft,PARTIAL_MATCH,MATCH
v4_camshaft_test_0002_138fa7670cafff91_partial_match_03,v4_camshaft_test_0002_138fa7670cafff91,camshaft,crankshaft,PARTIAL_MATCH,MATCH
v4_camshaft_test_0003_4d11de9350efa1d8_partial_match_03,v4_camshaft_test_0003_4d11de9350efa1d8,camshaft,crankshaft,PARTIAL_MATCH,MATCH
v4_cylinder_head_test_0019_8351547d0615526f_partial_match_01,v4_cylinder_head_test_0019_8351547d0615526f,cylinder_head,engine_block,PARTIAL_MATCH,MATCH
v4_cylinder_head_test_0014_e99bc3b7dd6c4183_partial_match_01,v4_cylinder_head_test_0014_e99bc3b7dd6c4183,cylinder_head,engine_block,PARTIAL_MATCH,MATCH
v4_cylinder_head_test_0008_eed0e62a90e8a9b4_partial_match_01,v4_cylinder_head_test_0008_eed0e62a90e8a9b4,cylinder_head,engine_block,PARTIAL_MATCH,MATCH
v4_cylinder_head_test_0019_8351547d0615526f_partial_match_02,v4_cylinder_head_test_0019_8351547d0615526f,cylinder_head,engine_block,PARTIAL_MATCH,MATCH
v4_cylinder_head_test_0014_e99bc3b7dd6c4183_partial_match_02,v4_cylinder_head_test_0014_e99bc3b7dd6c4183,cylinder_head,engine_block,PARTIAL_MATCH,MATCH
v4_cylinder_head_test_0008_eed0e62a90e8a9b4_partial_match_02,v4_cylinder_head_test_0008_eed0e62a90e8a9b4,cylinder_head,engine_block,PARTIAL_MATCH,MATCH
v4_piston_test_0003_041cc1654e5b5838_partial_match_01,v4_piston_test_0003_041cc1654e5b5838,piston,valve_lifter,PARTIAL_MATCH,MATCH
v4_piston_test_0007_15df21569a1140ab_partial_match_01,v4_piston_test_0007_15df21569a1140ab,piston,valve_lifter,PARTIAL_MATCH,MATCH
v4_piston_test_0010_d844ebfd6113f252_partial_match_01,v4_piston_test_0010_d844ebfd6113f252,piston,valve_lifter,PARTIAL_MATCH,MATCH
v4_piston_test_0003_041cc1654e5b5838_partial_match_02,v4_piston_test_0003_041cc1654e5b5838,piston,valve_lifter,PARTIAL_MATCH,MATCH
v4_piston_test_0007_15df21569a1140ab_partial_match_02,v4_piston_test_0007_15df21569a1140ab,piston,valve_lifter,PARTIAL_MATCH,MATCH
v4_piston_test_0010_d844ebfd6113f252_partial_match_02,v4_piston_test_0010_d844ebfd6113f252,piston,valve_lifter,PARTIAL_MATCH,MATCH
v4_piston_test_0003_041cc1654e5b5838_partial_match_03,v4_piston_test_0003_041cc1654e5b5838,piston,valve_lifter,PARTIAL_MATCH,MATCH
v4_piston_test_0007_15df21569a1140ab_partial_match_03,v4_piston_test_0007_15df21569a1140ab,piston,valve_lifter,PARTIAL_MATCH,MATCH
v4_piston_test_0010_d844ebfd6113f252_partial_match_03,v4_piston_test_0010_d844ebfd6113f252,piston,valve_lifter,PARTIAL_MATCH,MATCH
v4_piston_test_0003_041cc1654e5b5838_partial_match_04,v4_piston_test_0003_041cc1654e5b5838,piston,valve_lifter,PARTIAL_MATCH,MATCH
v4_piston_test_0007_15df21569a1140ab_partial_match_04,v4_piston_test_0007_15df21569a1140ab,piston,valve_lifter,PARTIAL_MATCH,MATCH
v4_carburetor_test_0030_1b53e9a079402220_partial_match_01,v4_carburetor_test_0030_1b53e9a079402220,carburetor,distributor,PARTIAL_MATCH,MATCH
v4_carburetor_test_0030_1b53e9a079402220_partial_match_02,v4_carburetor_test_0030_1b53e9a079402220,carburetor,distributor,PARTIAL_MATCH,MATCH
v4_carburetor_test_0030_1b53e9a079402220_partial_match_03,v4_carburetor_test_0030_1b53e9a079402220,carburetor,distributor,PARTIAL_MATCH,MATCH
v4_distributor_test_0010_8bd4949b175869f6_partial_match_01,v4_distributor_test_0010_8bd4949b175869f6,distributor,fuel_injector,PARTIAL_MATCH,MATCH
v4_distributor_test_0024_d7b300768a156cf9_partial_match_01,v4_distributor_test_0024_d7b300768a156cf9,distributor,fuel_injector,PARTIAL_MATCH,MATCH
v4_distributor_test_0019_dcb1478876e534ba_partial_match_01,v4_distributor_test_0019_dcb1478876e534ba,distributor,fuel_injector,PARTIAL_MATCH,MISMATCH
v4_distributor_test_0010_8bd4949b175869f6_partial_match_02,v4_distributor_test_0010_8bd4949b175869f6,distributor,fuel_injector,PARTIAL_MATCH,MATCH
v4_distributor_test_0024_d7b300768a156cf9_partial_match_02,v4_distributor_test_0024_d7b300768a156cf9,distributor,fuel_injector,PARTIAL_MATCH,MATCH
v4_distributor_test_0019_dcb1478876e534ba_partial_match_02,v4_distributor_test_0019_dcb1478876e534ba,distributor,fuel_injector,PARTIAL_MATCH,MISMATCH
v4_distributor_test_0010_8bd4949b175869f6_partial_match_03,v4_distributor_test_0010_8bd4949b175869f6,distributor,fuel_injector,PARTIAL_MATCH,MATCH
v4_fuel_injector_test_0005_2f2a9ce1d8fde0cb_partial_match_01,v4_fuel_injector_test_0005_2f2a9ce1d8fde0cb,fuel_injector,ignition_coil,PARTIAL_MATCH,MATCH
v4_fuel_injector_test_0009_351168be51bfd692_partial_match_01,v4_fuel_injector_test_0009_351168be51bfd692,fuel_injector,ignition_coil,PARTIAL_MATCH,MATCH
v4_fuel_injector_test_0002_376d23df9cbfaae7_partial_match_01,v4_fuel_injector_test_0002_376d23df9cbfaae7,fuel_injector,ignition_coil,PARTIAL_MATCH,MATCH
v4_fuel_injector_test_0012_6a276ccc7f5d093d_partial_match_01,v4_fuel_injector_test_0012_6a276ccc7f5d093d,fuel_injector,ignition_coil,PARTIAL_MATCH,MATCH
v4_fuel_injector_test_0023_97a1b0428f1e3081_partial_match_01,v4_fuel_injector_test_0023_97a1b0428f1e3081,fuel_injector,ignition_coil,PARTIAL_MATCH,MATCH
v4_fuel_injector_test_0024_ca386f04f34848d1_partial_match_01,v4_fuel_injector_test_0024_ca386f04f34848d1,fuel_injector,ignition_coil,PARTIAL_MATCH,MATCH
v4_fuel_injector_test_0007_d44c32b54bb0afab_partial_match_01,v4_fuel_injector_test_0007_d44c32b54bb0afab,fuel_injector,ignition_coil,PARTIAL_MATCH,MATCH
v4_fuel_injector_test_0010_f413d22b6624c72c_partial_match_01,v4_fuel_injector_test_0010_f413d22b6624c72c,fuel_injector,ignition_coil,PARTIAL_MATCH,MATCH
v4_fuel_injector_test_0011_f4bcc7099e7f3571_partial_match_01,v4_fuel_injector_test_0011_f4bcc7099e7f3571,fuel_injector,ignition_coil,PARTIAL_MATCH,MATCH
v4_fuel_injector_test_0005_2f2a9ce1d8fde0cb_partial_match_02,v4_fuel_injector_test_0005_2f2a9ce1d8fde0cb,fuel_injector,ignition_coil,PARTIAL_MATCH,MATCH
v4_fuel_injector_test_0009_351168be51bfd692_partial_match_02,v4_fuel_injector_test_0009_351168be51bfd692,fuel_injector,ignition_coil,PARTIAL_MATCH,MATCH
v4_fuel_injector_test_0002_376d23df9cbfaae7_partial_match_02,v4_fuel_injector_test_0002_376d23df9cbfaae7,fuel_injector,ignition_coil,PARTIAL_MATCH,MATCH
v4_fuel_injector_test_0012_6a276ccc7f5d093d_partial_match_02,v4_fuel_injector_test_0012_6a276ccc7f5d093d,fuel_injector,ignition_coil,PARTIAL_MATCH,MATCH
v4_fuel_injector_test_0023_97a1b0428f1e3081_partial_match_02,v4_fuel_injector_test_0023_97a1b0428f1e3081,fuel_injector,ignition_coil,PARTIAL_MATCH,MATCH
v4_fuel_injector_test_0024_ca386f04f34848d1_partial_match_02,v4_fuel_injector_test_0024_ca386f04f34848d1,fuel_injector,ignition_coil,PARTIAL_MATCH,MATCH
v4_fuel_injector_test_0007_d44c32b54bb0afab_partial_match_02,v4_fuel_injector_test_0007_d44c32b54bb0afab,fuel_injector,ignition_coil,PARTIAL_MATCH,MATCH
v4_fuel_injector_test_0010_f413d22b6624c72c_partial_match_02,v4_fuel_injector_test_0010_f413d22b6624c72c,fuel_injector,ignition_coil,PARTIAL_MATCH,MATCH
v4_fuel_injector_test_0011_f4bcc7099e7f3571_partial_match_02,v4_fuel_injector_test_0011_f4bcc7099e7f3571,fuel_injector,ignition_coil,PARTIAL_MATCH,MATCH
v4_fuel_injector_test_0005_2f2a9ce1d8fde0cb_partial_match_03,v4_fuel_injector_test_0005_2f2a9ce1d8fde0cb,fuel_injector,ignition_coil,PARTIAL_MATCH,MATCH
v4_idler_arm_test_0031_a8eca5413c30bd72_partial_match_01,v4_idler_arm_test_0031_a8eca5413c30bd72,idler_arm,leaf_spring,PARTIAL_MATCH,MATCH
v4_idler_arm_test_0031_a8eca5413c30bd72_partial_match_02,v4_idler_arm_test_0031_a8eca5413c30bd72,idler_arm,leaf_spring,PARTIAL_MATCH,MATCH
v4_leaf_spring_test_0009_00d85ce0dfbc238a_partial_match_01,v4_leaf_spring_test_0009_00d85ce0dfbc238a,leaf_spring,lower_control_arm,PARTIAL_MATCH,MATCH
v4_leaf_spring_test_0004_29bba8f26a23b119_partial_match_01,v4_leaf_spring_test_0004_29bba8f26a23b119,leaf_spring,lower_control_arm,PARTIAL_MATCH,MATCH
v4_leaf_spring_test_0018_5c622933f857c719_partial_match_01,v4_leaf_spring_test_0018_5c622933f857c719,leaf_spring,lower_control_arm,PARTIAL_MATCH,MATCH
v4_leaf_spring_test_0003_99814a47deae3c7d_partial_match_01,v4_leaf_spring_test_0003_99814a47deae3c7d,leaf_spring,lower_control_arm,PARTIAL_MATCH,MATCH
v4_leaf_spring_test_0009_00d85ce0dfbc238a_partial_match_02,v4_leaf_spring_test_0009_00d85ce0dfbc238a,leaf_spring,lower_control_arm,PARTIAL_MATCH,MATCH
v4_leaf_spring_test_0004_29bba8f26a23b119_partial_match_02,v4_leaf_spring_test_0004_29bba8f26a23b119,leaf_spring,lower_control_arm,PARTIAL_MATCH,MATCH
v4_leaf_spring_test_0018_5c622933f857c719_partial_match_02,v4_leaf_spring_test_0018_5c622933f857c719,leaf_spring,lower_control_arm,PARTIAL_MATCH,MATCH
v4_leaf_spring_test_0003_99814a47deae3c7d_partial_match_02,v4_leaf_spring_test_0003_99814a47deae3c7d,leaf_spring,lower_control_arm,PARTIAL_MATCH,MATCH
v4_leaf_spring_test_0009_00d85ce0dfbc238a_partial_match_03,v4_leaf_spring_test_0009_00d85ce0dfbc238a,leaf_spring,lower_control_arm,PARTIAL_MATCH,MATCH
v4_leaf_spring_test_0004_29bba8f26a23b119_partial_match_03,v4_leaf_spring_test_0004_29bba8f26a23b119,leaf_spring,lower_control_arm,PARTIAL_MATCH,MATCH
v4_leaf_spring_test_0018_5c622933f857c719_partial_match_03,v4_leaf_spring_test_0018_5c622933f857c719,leaf_spring,lower_control_arm,PARTIAL_MATCH,MATCH
v4_leaf_spring_test_0003_99814a47deae3c7d_partial_match_03,v4_leaf_spring_test_0003_99814a47deae3c7d,leaf_spring,lower_control_arm,PARTIAL_MATCH,MATCH
v4_leaf_spring_test_0009_00d85ce0dfbc238a_partial_match_04,v4_leaf_spring_test_0009_00d85ce0dfbc238a,leaf_spring,lower_control_arm,PARTIAL_MATCH,MATCH
v4_leaf_spring_test_0004_29bba8f26a23b119_partial_match_04,v4_leaf_spring_test_0004_29bba8f26a23b119,leaf_spring,lower_control_arm,PARTIAL_MATCH,MATCH
v4_leaf_spring_test_0018_5c622933f857c719_partial_match_04,v4_leaf_spring_test_0018_5c622933f857c719,leaf_spring,lower_control_arm,PARTIAL_MATCH,MATCH
v4_rim_test_0026_8bfa0784adfae7ce_partial_match_01,v4_rim_test_0026_8bfa0784adfae7ce,rim,coil_spring,PARTIAL_MATCH,MISMATCH
v4_rim_test_0026_8bfa0784adfae7ce_partial_match_02,v4_rim_test_0026_8bfa0784adfae7ce,rim,coil_spring,PARTIAL_MATCH,MISMATCH
v4_starter_test_0022_7d9f9348706d220e_partial_match_01,v4_starter_test_0022_7d9f9348706d220e,starter,alternator,PARTIAL_MATCH,MISMATCH
v4_starter_test_0009_cd1439f2e5aaa666_partial_match_01,v4_starter_test_0009_cd1439f2e5aaa666,starter,alternator,PARTIAL_MATCH,MISMATCH
v4_starter_test_0022_7d9f9348706d220e_partial_match_02,v4_starter_test_0022_7d9f9348706d220e,starter,alternator,PARTIAL_MATCH,MISMATCH
v4_starter_test_0009_cd1439f2e5aaa666_partial_match_02,v4_starter_test_0009_cd1439f2e5aaa666,starter,alternator,PARTIAL_MATCH,MISMATCH
v4_brake_caliper_test_0003_c3d02a37d7daf2a5_partial_match_01,v4_brake_caliper_test_0003_c3d02a37d7daf2a5,brake_caliper,brake_pad,PARTIAL_MATCH,MATCH
v4_brake_caliper_test_0003_c3d02a37d7daf2a5_partial_match_02,v4_brake_caliper_test_0003_c3d02a37d7daf2a5,brake_caliper,brake_pad,PARTIAL_MATCH,MATCH
v4_brake_rotor_test_0006_f7b48bab65190bfb_partial_match_01,v4_brake_rotor_test_0006_f7b48bab65190bfb,brake_rotor,vacuum_brake_booster,PARTIAL_MATCH,MISMATCH
v4_brake_rotor_test_0006_f7b48bab65190bfb_partial_match_02,v4_brake_rotor_test_0006_f7b48bab65190bfb,brake_rotor,vacuum_brake_booster,PARTIAL_MATCH,MISMATCH
v4_vacuum_brake_booster_test_0026_5b9b51ddac85809a_partial_match_01,v4_vacuum_brake_booster_test_0026_5b9b51ddac85809a,vacuum_brake_booster,brake_caliper,PARTIAL_MATCH,MATCH
v4_vacuum_brake_booster_test_0001_62140ecab914aa95_partial_match_01,v4_vacuum_brake_booster_test_0001_62140ecab914aa95,vacuum_brake_booster,brake_caliper,PARTIAL_MATCH,MATCH
v4_vacuum_brake_booster_test_0002_77d5251cb43ddd4e_partial_match_01,v4_vacuum_brake_booster_test_0002_77d5251cb43ddd4e,vacuum_brake_booster,brake_caliper,PARTIAL_MATCH,MATCH
v4_vacuum_brake_booster_test_0019_ca064de1632d584e_partial_match_01,v4_vacuum_brake_booster_test_0019_ca064de1632d584e,vacuum_brake_booster,brake_caliper,PARTIAL_MATCH,MATCH
v4_vacuum_brake_booster_test_0026_5b9b51ddac85809a_partial_match_02,v4_vacuum_brake_booster_test_0026_5b9b51ddac85809a,vacuum_brake_booster,brake_caliper,PARTIAL_MATCH,MATCH
v4_vacuum_brake_booster_test_0001_62140ecab914aa95_partial_match_02,v4_vacuum_brake_booster_test_0001_62140ecab914aa95,vacuum_brake_booster,brake_caliper,PARTIAL_MATCH,MATCH
v4_vacuum_brake_booster_test_0002_77d5251cb43ddd4e_partial_match_02,v4_vacuum_brake_booster_test_0002_77d5251cb43ddd4e,vacuum_brake_booster,brake_caliper,PARTIAL_MATCH,MATCH
v4_vacuum_brake_booster_test_0019_ca064de1632d584e_partial_match_02,v4_vacuum_brake_booster_test_0019_ca064de1632d584e,vacuum_brake_booster,brake_caliper,PARTIAL_MATCH,MATCH
v4_transmission_test_0009_25bf35275d107bd1_partial_match_01,v4_transmission_test_0009_25bf35275d107bd1,transmission,clutch_plate,PARTIAL_MATCH,MISMATCH
v4_transmission_test_0018_b66d8d63aee9e285_partial_match_01,v4_transmission_test_0018_b66d8d63aee9e285,transmission,clutch_plate,PARTIAL_MATCH,MATCH
v4_transmission_test_0009_25bf35275d107bd1_partial_match_02,v4_transmission_test_0009_25bf35275d107bd1,transmission,clutch_plate,PARTIAL_MATCH,MISMATCH
v4_transmission_test_0018_b66d8d63aee9e285_partial_match_02,v4_transmission_test_0018_b66d8d63aee9e285,transmission,clutch_plate,PARTIAL_MATCH,MATCH
v4_transmission_test_0009_25bf35275d107bd1_partial_match_03,v4_transmission_test_0009_25bf35275d107bd1,transmission,clutch_plate,PARTIAL_MATCH,MISMATCH
v4_gas_cap_test_0029_addfd2cf2d268b52_partial_match_01,v4_gas_cap_test_0029_addfd2cf2d268b52,gas_cap,side_mirror,PARTIAL_MATCH,MATCH
v4_gas_cap_test_0022_b4c77a3293af0625_partial_match_01,v4_gas_cap_test_0022_b4c77a3293af0625,gas_cap,side_mirror,PARTIAL_MATCH,MATCH
v4_gas_cap_test_0006_b517b2aba67c7d3a_partial_match_01,v4_gas_cap_test_0006_b517b2aba67c7d3a,gas_cap,side_mirror,PARTIAL_MATCH,MISMATCH
v4_gas_cap_test_0029_addfd2cf2d268b52_partial_match_02,v4_gas_cap_test_0029_addfd2cf2d268b52,gas_cap,side_mirror,PARTIAL_MATCH,MATCH
v4_gas_cap_test_0022_b4c77a3293af0625_partial_match_02,v4_gas_cap_test_0022_b4c77a3293af0625,gas_cap,side_mirror,PARTIAL_MATCH,MATCH
v4_gas_cap_test_0006_b517b2aba67c7d3a_partial_match_02,v4_gas_cap_test_0006_b517b2aba67c7d3a,gas_cap,side_mirror,PARTIAL_MATCH,MISMATCH
v4_side_mirror_test_0013_19c5c5d27af48784_partial_match_01,v4_side_mirror_test_0013_19c5c5d27af48784,side_mirror,spoiler,PARTIAL_MATCH,MATCH
v4_side_mirror_test_0008_34ccf9a7b90b46ca_partial_match_01,v4_side_mirror_test_0008_34ccf9a7b90b46ca,side_mirror,spoiler,PARTIAL_MATCH,MATCH
v4_side_mirror_test_0003_6aa090d971cc57e8_partial_match_01,v4_side_mirror_test_0003_6aa090d971cc57e8,side_mirror,spoiler,PARTIAL_MATCH,MATCH
v4_side_mirror_test_0004_74dfca6cb161da05_partial_match_01,v4_side_mirror_test_0004_74dfca6cb161da05,side_mirror,spoiler,PARTIAL_MATCH,MATCH
v4_side_mirror_test_0010_95666a5218813d88_partial_match_01,v4_side_mirror_test_0010_95666a5218813d88,side_mirror,spoiler,PARTIAL_MATCH,MATCH
v4_side_mirror_test_0018_b5724b46e212886d_partial_match_01,v4_side_mirror_test_0018_b5724b46e212886d,side_mirror,spoiler,PARTIAL_MATCH,MATCH
v4_side_mirror_test_0013_19c5c5d27af48784_partial_match_02,v4_side_mirror_test_0013_19c5c5d27af48784,side_mirror,spoiler,PARTIAL_MATCH,MATCH
v4_side_mirror_test_0008_34ccf9a7b90b46ca_partial_match_02,v4_side_mirror_test_0008_34ccf9a7b90b46ca,side_mirror,spoiler,PARTIAL_MATCH,MATCH
v4_side_mirror_test_0003_6aa090d971cc57e8_partial_match_02,v4_side_mirror_test_0003_6aa090d971cc57e8,side_mirror,spoiler,PARTIAL_MATCH,MATCH
v4_side_mirror_test_0004_74dfca6cb161da05_partial_match_02,v4_side_mirror_test_0004_74dfca6cb161da05,side_mirror,spoiler,PARTIAL_MATCH,MATCH
v4_side_mirror_test_0010_95666a5218813d88_partial_match_02,v4_side_mirror_test_0010_95666a5218813d88,side_mirror,spoiler,PARTIAL_MATCH,MATCH
v4_oil_pressure_sensor_test_0006_0b69430c9679e9e2_partial_match_01,v4_oil_pressure_sensor_test_0006_0b69430c9679e9e2,oil_pressure_sensor,oil_filter,PARTIAL_MATCH,MATCH
v4_oil_pressure_sensor_test_0006_0b69430c9679e9e2_partial_match_02,v4_oil_pressure_sensor_test_0006_0b69430c9679e9e2,oil_pressure_sensor,oil_filter,PARTIAL_MATCH,MATCH
v4_shift_knob_test_0027_93670ce0a52219c2_partial_match_01,v4_shift_knob_test_0027_93670ce0a52219c2,shift_knob,instrument_cluster,PARTIAL_MATCH,MATCH
v4_shift_knob_test_0008_bb03d9fbb1632395_partial_match_01,v4_shift_knob_test_0008_bb03d9fbb1632395,shift_knob,instrument_cluster,PARTIAL_MATCH,MISMATCH
v4_shift_knob_test_0027_93670ce0a52219c2_partial_match_02,v4_shift_knob_test_0027_93670ce0a52219c2,shift_knob,instrument_cluster,PARTIAL_MATCH,MATCH
v4_shift_knob_test_0008_bb03d9fbb1632395_partial_match_02,v4_shift_knob_test_0008_bb03d9fbb1632395,shift_knob,instrument_cluster,PARTIAL_MATCH,MISMATCH
v4_muffler_test_0002_09acce48324ef3e2_partial_match_01,v4_muffler_test_0002_09acce48324ef3e2,muffler,oxygen_sensor,PARTIAL_MATCH,MISMATCH
v4_muffler_test_0002_09acce48324ef3e2_partial_match_02,v4_muffler_test_0002_09acce48324ef3e2,muffler,oxygen_sensor,PARTIAL_MATCH,MISMATCH
v4_muffler_test_0002_09acce48324ef3e2_partial_match_03,v4_muffler_test_0002_09acce48324ef3e2,muffler,oxygen_sensor,PARTIAL_MATCH,MISMATCH
v4_oxygen_sensor_test_0022_2d9775ab2b8d35a4_partial_match_01,v4_oxygen_sensor_test_0022_2d9775ab2b8d35a4,oxygen_sensor,muffler,PARTIAL_MATCH,MATCH
v4_oxygen_sensor_test_0029_5100e3d3eba7aea1_partial_match_01,v4_oxygen_sensor_test_0029_5100e3d3eba7aea1,oxygen_sensor,muffler,PARTIAL_MATCH,MISMATCH
v4_oxygen_sensor_test_0027_df9cb5ae34907a2d_partial_match_01,v4_oxygen_sensor_test_0027_df9cb5ae34907a2d,oxygen_sensor,muffler,PARTIAL_MATCH,MATCH
v4_oxygen_sensor_test_0022_2d9775ab2b8d35a4_partial_match_02,v4_oxygen_sensor_test_0022_2d9775ab2b8d35a4,oxygen_sensor,muffler,PARTIAL_MATCH,MATCH
v4_oxygen_sensor_test_0029_5100e3d3eba7aea1_partial_match_02,v4_oxygen_sensor_test_0029_5100e3d3eba7aea1,oxygen_sensor,muffler,PARTIAL_MATCH,MISMATCH
v4_oxygen_sensor_test_0027_df9cb5ae34907a2d_partial_match_02,v4_oxygen_sensor_test_0027_df9cb5ae34907a2d,oxygen_sensor,muffler,PARTIAL_MATCH,MATCH
v4_taillight_test_0006_2bd58477e4578ad3_partial_match_01,v4_taillight_test_0006_2bd58477e4578ad3,taillight,headlight,PARTIAL_MATCH,MATCH
v4_taillight_test_0007_88c58ce25e33abaa_partial_match_01,v4_taillight_test_0007_88c58ce25e33abaa,taillight,headlight,PARTIAL_MATCH,MATCH
v4_taillight_test_0006_2bd58477e4578ad3_partial_match_02,v4_taillight_test_0006_2bd58477e4578ad3,taillight,headlight,PARTIAL_MATCH,MATCH
v4_taillight_test_0007_88c58ce25e33abaa_partial_match_02,v4_taillight_test_0007_88c58ce25e33abaa,taillight,headlight,PARTIAL_MATCH,MATCH
v4_water_pump_test_0020_24f41fe79a4b3eae_mismatch_01,v4_water_pump_test_0020_24f41fe79a4b3eae,water_pump,valve_lifter,MISMATCH,MATCH
v4_water_pump_test_0020_24f41fe79a4b3eae_mismatch_02,v4_water_pump_test_0020_24f41fe79a4b3eae,water_pump,valve_lifter,MISMATCH,MATCH
v4_camshaft_test_0006_7cbcd712700e92d6_mismatch_01,v4_camshaft_test_0006_7cbcd712700e92d6,camshaft,carburetor,MISMATCH,PARTIAL_MATCH
v4_camshaft_test_0006_7cbcd712700e92d6_mismatch_02,v4_camshaft_test_0006_7cbcd712700e92d6,camshaft,carburetor,MISMATCH,PARTIAL_MATCH
v4_crankshaft_test_0026_12f2f9d6f28439cf_mismatch_02,v4_crankshaft_test_0026_12f2f9d6f28439cf,crankshaft,distributor,MISMATCH,MATCH
v4_crankshaft_test_0026_12f2f9d6f28439cf_mismatch_03,v4_crankshaft_test_0026_12f2f9d6f28439cf,crankshaft,distributor,MISMATCH,MATCH
v4_engine_valve_test_0024_1ffe74fdb354ba47_mismatch_01,v4_engine_valve_test_0024_1ffe74fdb354ba47,engine_valve,ignition_coil,MISMATCH,MATCH
v4_piston_test_0003_041cc1654e5b5838_mismatch_01,v4_piston_test_0003_041cc1654e5b5838,piston,spark_plug,MISMATCH,PARTIAL_MATCH
v4_piston_test_0002_ff4362d5345198ea_mismatch_01,v4_piston_test_0002_ff4362d5345198ea,piston,spark_plug,MISMATCH,MATCH
v4_piston_test_0003_041cc1654e5b5838_mismatch_02,v4_piston_test_0003_041cc1654e5b5838,piston,spark_plug,MISMATCH,PARTIAL_MATCH
v4_ignition_coil_test_0009_1b1ab03ce6c28ef2_mismatch_01,v4_ignition_coil_test_0009_1b1ab03ce6c28ef2,ignition_coil,rim,MISMATCH,PARTIAL_MATCH
v4_ignition_coil_test_0029_40ad9410be584839_mismatch_01,v4_ignition_coil_test_0029_40ad9410be584839,ignition_coil,rim,MISMATCH,PARTIAL_MATCH
v4_ignition_coil_test_0007_6e49c372c65d9193_mismatch_01,v4_ignition_coil_test_0007_6e49c372c65d9193,ignition_coil,rim,MISMATCH,PARTIAL_MATCH
v4_ignition_coil_test_0028_68a8262028508e4f_mismatch_02,v4_ignition_coil_test_0028_68a8262028508e4f,ignition_coil,alternator,MISMATCH,PARTIAL_MATCH
v4_ignition_coil_test_0007_6e49c372c65d9193_mismatch_02,v4_ignition_coil_test_0007_6e49c372c65d9193,ignition_coil,alternator,MISMATCH,PARTIAL_MATCH
v4_ignition_coil_test_0025_84a3b0d1339040b7_mismatch_02,v4_ignition_coil_test_0025_84a3b0d1339040b7,ignition_coil,alternator,MISMATCH,PARTIAL_MATCH
v4_leaf_spring_test_0009_00d85ce0dfbc238a_mismatch_01,v4_leaf_spring_test_0009_00d85ce0dfbc238a,leaf_spring,starter,MISMATCH,PARTIAL_MATCH
v4_leaf_spring_test_0004_29bba8f26a23b119_mismatch_01,v4_leaf_spring_test_0004_29bba8f26a23b119,leaf_spring,starter,MISMATCH,MATCH
v4_leaf_spring_test_0014_b1fe475999e29327_mismatch_01,v4_leaf_spring_test_0014_b1fe475999e29327,leaf_spring,brake_caliper,MISMATCH,MATCH
v4_leaf_spring_test_0004_29bba8f26a23b119_mismatch_02,v4_leaf_spring_test_0004_29bba8f26a23b119,leaf_spring,brake_caliper,MISMATCH,MATCH
v4_leaf_spring_test_0018_5c622933f857c719_mismatch_02,v4_leaf_spring_test_0018_5c622933f857c719,leaf_spring,brake_caliper,MISMATCH,MATCH
v4_leaf_spring_test_0014_b1fe475999e29327_mismatch_02,v4_leaf_spring_test_0014_b1fe475999e29327,leaf_spring,brake_caliper,MISMATCH,MATCH
v4_leaf_spring_test_0004_29bba8f26a23b119_mismatch_03,v4_leaf_spring_test_0004_29bba8f26a23b119,leaf_spring,brake_caliper,MISMATCH,MATCH
v4_leaf_spring_test_0018_5c622933f857c719_mismatch_03,v4_leaf_spring_test_0018_5c622933f857c719,leaf_spring,brake_caliper,MISMATCH,MATCH
v4_leaf_spring_test_0014_b1fe475999e29327_mismatch_03,v4_leaf_spring_test_0014_b1fe475999e29327,leaf_spring,brake_caliper,MISMATCH,MATCH
v4_leaf_spring_test_0004_29bba8f26a23b119_mismatch_04,v4_leaf_spring_test_0004_29bba8f26a23b119,leaf_spring,brake_caliper,MISMATCH,MATCH
v4_leaf_spring_test_0018_5c622933f857c719_mismatch_04,v4_leaf_spring_test_0018_5c622933f857c719,leaf_spring,brake_caliper,MISMATCH,MATCH
v4_lower_control_arm_test_0015_928552578d0fe33b_mismatch_01,v4_lower_control_arm_test_0015_928552578d0fe33b,lower_control_arm,brake_pad,MISMATCH,MATCH
v4_lower_control_arm_test_0018_fb4d8b5b3050d97e_mismatch_01,v4_lower_control_arm_test_0018_fb4d8b5b3050d97e,lower_control_arm,brake_pad,MISMATCH,PARTIAL_MATCH
v4_lower_control_arm_test_0022_0f31f846b07df039_mismatch_02,v4_lower_control_arm_test_0022_0f31f846b07df039,lower_control_arm,brake_pad,MISMATCH,MATCH
v4_lower_control_arm_test_0002_65cc03a6fafa74d6_mismatch_02,v4_lower_control_arm_test_0002_65cc03a6fafa74d6,lower_control_arm,brake_pad,MISMATCH,MATCH
v4_lower_control_arm_test_0015_928552578d0fe33b_mismatch_02,v4_lower_control_arm_test_0015_928552578d0fe33b,lower_control_arm,brake_pad,MISMATCH,MATCH
v4_lower_control_arm_test_0018_fb4d8b5b3050d97e_mismatch_02,v4_lower_control_arm_test_0018_fb4d8b5b3050d97e,lower_control_arm,brake_pad,MISMATCH,PARTIAL_MATCH
v4_lower_control_arm_test_0022_0f31f846b07df039_mismatch_03,v4_lower_control_arm_test_0022_0f31f846b07df039,lower_control_arm,brake_pad,MISMATCH,MATCH
v4_rim_test_0027_08a572c7e3a0cdb5_mismatch_01,v4_rim_test_0027_08a572c7e3a0cdb5,rim,brake_pad,MISMATCH,PARTIAL_MATCH
v4_rim_test_0026_8bfa0784adfae7ce_mismatch_01,v4_rim_test_0026_8bfa0784adfae7ce,rim,brake_rotor,MISMATCH,MATCH
v4_rim_test_0012_8ff01db24d44a4ac_mismatch_01,v4_rim_test_0012_8ff01db24d44a4ac,rim,brake_rotor,MISMATCH,MATCH
v4_rim_test_0014_b81de121487e4127_mismatch_01,v4_rim_test_0014_b81de121487e4127,rim,brake_rotor,MISMATCH,MATCH
v4_rim_test_0020_fd5477b9d11532cb_mismatch_01,v4_rim_test_0020_fd5477b9d11532cb,rim,brake_rotor,MISMATCH,MATCH
v4_rim_test_0027_08a572c7e3a0cdb5_mismatch_02,v4_rim_test_0027_08a572c7e3a0cdb5,rim,brake_rotor,MISMATCH,MATCH
v4_rim_test_0006_151c8590cccdea6d_mismatch_02,v4_rim_test_0006_151c8590cccdea6d,rim,brake_rotor,MISMATCH,MATCH
v4_rim_test_0026_8bfa0784adfae7ce_mismatch_02,v4_rim_test_0026_8bfa0784adfae7ce,rim,brake_rotor,MISMATCH,MATCH
v4_rim_test_0012_8ff01db24d44a4ac_mismatch_02,v4_rim_test_0012_8ff01db24d44a4ac,rim,brake_rotor,MISMATCH,MATCH
v4_rim_test_0014_b81de121487e4127_mismatch_02,v4_rim_test_0014_b81de121487e4127,rim,brake_rotor,MISMATCH,MATCH
v4_rim_test_0020_fd5477b9d11532cb_mismatch_02,v4_rim_test_0020_fd5477b9d11532cb,rim,brake_rotor,MISMATCH,MATCH
v4_rim_test_0027_08a572c7e3a0cdb5_mismatch_03,v4_rim_test_0027_08a572c7e3a0cdb5,rim,brake_rotor,MISMATCH,MATCH
v4_rim_test_0006_151c8590cccdea6d_mismatch_03,v4_rim_test_0006_151c8590cccdea6d,rim,brake_rotor,MISMATCH,MATCH
v4_alternator_test_0001_002df20271d4f76b_mismatch_01,v4_alternator_test_0001_002df20271d4f76b,alternator,brake_rotor,MISMATCH,MATCH
v4_alternator_test_0014_3ea813f1cdaf472f_mismatch_01,v4_alternator_test_0014_3ea813f1cdaf472f,alternator,brake_rotor,MISMATCH,MATCH
v4_alternator_test_0008_3eedbe23606c458a_mismatch_01,v4_alternator_test_0008_3eedbe23606c458a,alternator,brake_rotor,MISMATCH,MATCH
v4_alternator_test_0021_45b42e0449ce34a6_mismatch_01,v4_alternator_test_0021_45b42e0449ce34a6,alternator,vacuum_brake_booster,MISMATCH,MATCH
v4_alternator_test_0018_6fc2b3087fbeb197_mismatch_01,v4_alternator_test_0018_6fc2b3087fbeb197,alternator,vacuum_brake_booster,MISMATCH,MATCH
v4_alternator_test_0004_90e7591cbf64678d_mismatch_01,v4_alternator_test_0004_90e7591cbf64678d,alternator,vacuum_brake_booster,MISMATCH,MATCH
v4_alternator_test_0022_a96cc71221cf024f_mismatch_01,v4_alternator_test_0022_a96cc71221cf024f,alternator,vacuum_brake_booster,MISMATCH,PARTIAL_MATCH
v4_alternator_test_0005_aad76fe8488ecc09_mismatch_01,v4_alternator_test_0005_aad76fe8488ecc09,alternator,vacuum_brake_booster,MISMATCH,MATCH
v4_alternator_test_0026_d24f9c3e9d7864db_mismatch_01,v4_alternator_test_0026_d24f9c3e9d7864db,alternator,vacuum_brake_booster,MISMATCH,MATCH
v4_alternator_test_0017_029a26ad6ec8d998_mismatch_02,v4_alternator_test_0017_029a26ad6ec8d998,alternator,vacuum_brake_booster,MISMATCH,MATCH
v4_alternator_test_0021_45b42e0449ce34a6_mismatch_02,v4_alternator_test_0021_45b42e0449ce34a6,alternator,vacuum_brake_booster,MISMATCH,MATCH
v4_alternator_test_0018_6fc2b3087fbeb197_mismatch_02,v4_alternator_test_0018_6fc2b3087fbeb197,alternator,vacuum_brake_booster,MISMATCH,MATCH
v4_alternator_test_0004_90e7591cbf64678d_mismatch_02,v4_alternator_test_0004_90e7591cbf64678d,alternator,vacuum_brake_booster,MISMATCH,MATCH
v4_alternator_test_0022_a96cc71221cf024f_mismatch_02,v4_alternator_test_0022_a96cc71221cf024f,alternator,vacuum_brake_booster,MISMATCH,PARTIAL_MATCH
v4_alternator_test_0005_aad76fe8488ecc09_mismatch_02,v4_alternator_test_0005_aad76fe8488ecc09,alternator,vacuum_brake_booster,MISMATCH,MATCH
v4_alternator_test_0026_d24f9c3e9d7864db_mismatch_02,v4_alternator_test_0026_d24f9c3e9d7864db,alternator,vacuum_brake_booster,MISMATCH,MATCH
v4_starter_test_0031_06826bb06b055d9f_mismatch_01,v4_starter_test_0031_06826bb06b055d9f,starter,pressure_plate,MISMATCH,PARTIAL_MATCH
v4_starter_test_0003_07b7445f748ea45a_mismatch_01,v4_starter_test_0003_07b7445f748ea45a,starter,pressure_plate,MISMATCH,PARTIAL_MATCH
v4_brake_caliper_test_0026_87b412a34bd8b22c_mismatch_01,v4_brake_caliper_test_0026_87b412a34bd8b22c,brake_caliper,transmission,MISMATCH,MATCH
v4_brake_caliper_test_0026_87b412a34bd8b22c_mismatch_02,v4_brake_caliper_test_0026_87b412a34bd8b22c,brake_caliper,transmission,MISMATCH,MATCH
v4_brake_pad_test_0003_528a734f5182ac2d_mismatch_01,v4_brake_pad_test_0003_528a734f5182ac2d,brake_pad,gas_cap,MISMATCH,PARTIAL_MATCH
v4_brake_pad_test_0001_d487eada196da0e2_mismatch_01,v4_brake_pad_test_0001_d487eada196da0e2,brake_pad,gas_cap,MISMATCH,MATCH
v4_brake_pad_test_0015_f3fc1947227145b9_mismatch_01,v4_brake_pad_test_0015_f3fc1947227145b9,brake_pad,gas_cap,MISMATCH,MATCH
v4_brake_pad_test_0003_528a734f5182ac2d_mismatch_02,v4_brake_pad_test_0003_528a734f5182ac2d,brake_pad,gas_cap,MISMATCH,PARTIAL_MATCH
v4_brake_pad_test_0001_d487eada196da0e2_mismatch_02,v4_brake_pad_test_0001_d487eada196da0e2,brake_pad,gas_cap,MISMATCH,MATCH
v4_brake_pad_test_0021_f3261ee920ea41f2_mismatch_02,v4_brake_pad_test_0021_f3261ee920ea41f2,brake_pad,side_mirror,MISMATCH,MATCH
v4_brake_pad_test_0015_f3fc1947227145b9_mismatch_02,v4_brake_pad_test_0015_f3fc1947227145b9,brake_pad,side_mirror,MISMATCH,PARTIAL_MATCH
v4_brake_rotor_test_0024_00d76c351a26e209_mismatch_01,v4_brake_rotor_test_0024_00d76c351a26e209,brake_rotor,side_mirror,MISMATCH,PARTIAL_MATCH
v4_brake_rotor_test_0001_4c517e0846670f54_mismatch_01,v4_brake_rotor_test_0001_4c517e0846670f54,brake_rotor,side_mirror,MISMATCH,PARTIAL_MATCH
v4_brake_rotor_test_0002_cc5a64b0a289ccf4_mismatch_01,v4_brake_rotor_test_0002_cc5a64b0a289ccf4,brake_rotor,side_mirror,MISMATCH,PARTIAL_MATCH
v4_brake_rotor_test_0014_db85e05efd5fd5fd_mismatch_01,v4_brake_rotor_test_0014_db85e05efd5fd5fd,brake_rotor,side_mirror,MISMATCH,PARTIAL_MATCH
v4_brake_rotor_test_0006_f7b48bab65190bfb_mismatch_01,v4_brake_rotor_test_0006_f7b48bab65190bfb,brake_rotor,side_mirror,MISMATCH,PARTIAL_MATCH
v4_brake_rotor_test_0024_00d76c351a26e209_mismatch_02,v4_brake_rotor_test_0024_00d76c351a26e209,brake_rotor,side_mirror,MISMATCH,PARTIAL_MATCH
v4_brake_rotor_test_0001_4c517e0846670f54_mismatch_02,v4_brake_rotor_test_0001_4c517e0846670f54,brake_rotor,side_mirror,MISMATCH,PARTIAL_MATCH
v4_brake_rotor_test_0002_cc5a64b0a289ccf4_mismatch_02,v4_brake_rotor_test_0002_cc5a64b0a289ccf4,brake_rotor,side_mirror,MISMATCH,PARTIAL_MATCH
v4_brake_rotor_test_0014_db85e05efd5fd5fd_mismatch_02,v4_brake_rotor_test_0014_db85e05efd5fd5fd,brake_rotor,side_mirror,MISMATCH,PARTIAL_MATCH
v4_brake_rotor_test_0006_f7b48bab65190bfb_mismatch_02,v4_brake_rotor_test_0006_f7b48bab65190bfb,brake_rotor,side_mirror,MISMATCH,PARTIAL_MATCH
v4_vacuum_brake_booster_test_0007_3958ce8c33d2c6b7_mismatch_01,v4_vacuum_brake_booster_test_0007_3958ce8c33d2c6b7,vacuum_brake_booster,spoiler,MISMATCH,MATCH
v4_vacuum_brake_booster_test_0013_43e548960fa1a1e3_mismatch_01,v4_vacuum_brake_booster_test_0013_43e548960fa1a1e3,vacuum_brake_booster,spoiler,MISMATCH,PARTIAL_MATCH
v4_vacuum_brake_booster_test_0026_5b9b51ddac85809a_mismatch_01,v4_vacuum_brake_booster_test_0026_5b9b51ddac85809a,vacuum_brake_booster,spoiler,MISMATCH,MATCH
v4_vacuum_brake_booster_test_0007_3958ce8c33d2c6b7_mismatch_02,v4_vacuum_brake_booster_test_0007_3958ce8c33d2c6b7,vacuum_brake_booster,spoiler,MISMATCH,MATCH
v4_vacuum_brake_booster_test_0013_43e548960fa1a1e3_mismatch_02,v4_vacuum_brake_booster_test_0013_43e548960fa1a1e3,vacuum_brake_booster,spoiler,MISMATCH,PARTIAL_MATCH
v4_vacuum_brake_booster_test_0026_5b9b51ddac85809a_mismatch_02,v4_vacuum_brake_booster_test_0026_5b9b51ddac85809a,vacuum_brake_booster,spoiler,MISMATCH,MATCH
v4_vacuum_brake_booster_test_0006_007301facd05fe54_mismatch_03,v4_vacuum_brake_booster_test_0006_007301facd05fe54,vacuum_brake_booster,window_regulator,MISMATCH,MATCH
v4_vacuum_brake_booster_test_0009_20f2d96659a240f4_mismatch_03,v4_vacuum_brake_booster_test_0009_20f2d96659a240f4,vacuum_brake_booster,window_regulator,MISMATCH,MATCH
v4_vacuum_brake_booster_test_0015_3832b42116625da3_mismatch_03,v4_vacuum_brake_booster_test_0015_3832b42116625da3,vacuum_brake_booster,window_regulator,MISMATCH,MATCH
v4_transmission_test_0014_1c0511b1aabb0b96_mismatch_01,v4_transmission_test_0014_1c0511b1aabb0b96,transmission,oil_pressure_sensor,MISMATCH,PARTIAL_MATCH
v4_transmission_test_0009_25bf35275d107bd1_mismatch_01,v4_transmission_test_0009_25bf35275d107bd1,transmission,oil_pressure_sensor,MISMATCH,PARTIAL_MATCH
v4_transmission_test_0022_5f498ab35995eb92_mismatch_01,v4_transmission_test_0022_5f498ab35995eb92,transmission,oil_pressure_sensor,MISMATCH,PARTIAL_MATCH
v4_transmission_test_0016_7a3c5e757f39ca23_mismatch_01,v4_transmission_test_0016_7a3c5e757f39ca23,transmission,oil_pressure_sensor,MISMATCH,PARTIAL_MATCH
v4_transmission_test_0006_f1054663a7f7dfda_mismatch_01,v4_transmission_test_0006_f1054663a7f7dfda,transmission,oil_pressure_sensor,MISMATCH,PARTIAL_MATCH
v4_transmission_test_0014_1c0511b1aabb0b96_mismatch_02,v4_transmission_test_0014_1c0511b1aabb0b96,transmission,oil_pressure_sensor,MISMATCH,PARTIAL_MATCH
v4_transmission_test_0009_25bf35275d107bd1_mismatch_02,v4_transmission_test_0009_25bf35275d107bd1,transmission,oil_pressure_sensor,MISMATCH,PARTIAL_MATCH
v4_transmission_test_0022_5f498ab35995eb92_mismatch_02,v4_transmission_test_0022_5f498ab35995eb92,transmission,oil_pressure_sensor,MISMATCH,PARTIAL_MATCH
v4_transmission_test_0016_7a3c5e757f39ca23_mismatch_02,v4_transmission_test_0016_7a3c5e757f39ca23,transmission,oil_pressure_sensor,MISMATCH,PARTIAL_MATCH
v4_transmission_test_0006_f1054663a7f7dfda_mismatch_02,v4_transmission_test_0006_f1054663a7f7dfda,transmission,oil_pressure_sensor,MISMATCH,PARTIAL_MATCH
v4_transmission_test_0001_07c6b0972f26f17f_mismatch_03,v4_transmission_test_0001_07c6b0972f26f17f,transmission,instrument_cluster,MISMATCH,MATCH
v4_transmission_test_0004_0bcf761ea6bc7cca_mismatch_03,v4_transmission_test_0004_0bcf761ea6bc7cca,transmission,instrument_cluster,MISMATCH,MATCH
v4_transmission_test_0023_11ea3e3782f5e808_mismatch_03,v4_transmission_test_0023_11ea3e3782f5e808,transmission,instrument_cluster,MISMATCH,MATCH
v4_transmission_test_0014_1c0511b1aabb0b96_mismatch_03,v4_transmission_test_0014_1c0511b1aabb0b96,transmission,instrument_cluster,MISMATCH,MATCH
v4_transmission_test_0003_1c5f314237e60a3b_mismatch_03,v4_transmission_test_0003_1c5f314237e60a3b,transmission,instrument_cluster,MISMATCH,MATCH
v4_transmission_test_0019_2300aafccf6a3d05_mismatch_03,v4_transmission_test_0019_2300aafccf6a3d05,transmission,instrument_cluster,MISMATCH,MATCH
v4_transmission_test_0008_339afd400c579469_mismatch_03,v4_transmission_test_0008_339afd400c579469,transmission,instrument_cluster,MISMATCH,MATCH
v4_gas_cap_test_0012_102a40a2dd52ee22_mismatch_01,v4_gas_cap_test_0012_102a40a2dd52ee22,gas_cap,instrument_cluster,MISMATCH,PARTIAL_MATCH
v4_gas_cap_test_0020_151c806f5babb078_mismatch_01,v4_gas_cap_test_0020_151c806f5babb078,gas_cap,instrument_cluster,MISMATCH,PARTIAL_MATCH
v4_gas_cap_test_0013_36c13de0a3f3e94c_mismatch_01,v4_gas_cap_test_0013_36c13de0a3f3e94c,gas_cap,instrument_cluster,MISMATCH,PARTIAL_MATCH
v4_gas_cap_test_0014_774c69ab2f5f11bb_mismatch_01,v4_gas_cap_test_0014_774c69ab2f5f11bb,gas_cap,instrument_cluster,MISMATCH,PARTIAL_MATCH
v4_gas_cap_test_0001_78136098cebdbb4b_mismatch_01,v4_gas_cap_test_0001_78136098cebdbb4b,gas_cap,instrument_cluster,MISMATCH,PARTIAL_MATCH
v4_gas_cap_test_0002_8560c1056931516b_mismatch_01,v4_gas_cap_test_0002_8560c1056931516b,gas_cap,instrument_cluster,MISMATCH,PARTIAL_MATCH
v4_gas_cap_test_0028_9778bfdb018a0655_mismatch_01,v4_gas_cap_test_0028_9778bfdb018a0655,gas_cap,instrument_cluster,MISMATCH,PARTIAL_MATCH
v4_gas_cap_test_0005_9deac92c452e04c7_mismatch_01,v4_gas_cap_test_0005_9deac92c452e04c7,gas_cap,instrument_cluster,MISMATCH,PARTIAL_MATCH
v4_gas_cap_test_0010_a9706e4873ed732e_mismatch_01,v4_gas_cap_test_0010_a9706e4873ed732e,gas_cap,instrument_cluster,MISMATCH,PARTIAL_MATCH
v4_gas_cap_test_0008_b238346763a78cda_mismatch_01,v4_gas_cap_test_0008_b238346763a78cda,gas_cap,instrument_cluster,MISMATCH,PARTIAL_MATCH
v4_gas_cap_test_0011_b316d97b5fdc74f4_mismatch_01,v4_gas_cap_test_0011_b316d97b5fdc74f4,gas_cap,instrument_cluster,MISMATCH,MATCH
v4_gas_cap_test_0023_e2bf1f8fe6c2efdc_mismatch_01,v4_gas_cap_test_0023_e2bf1f8fe6c2efdc,gas_cap,instrument_cluster,MISMATCH,PARTIAL_MATCH
v4_gas_cap_test_0019_f43aeebd4a3e1490_mismatch_01,v4_gas_cap_test_0019_f43aeebd4a3e1490,gas_cap,instrument_cluster,MISMATCH,PARTIAL_MATCH
v4_gas_cap_test_0003_f7111701f7da6044_mismatch_01,v4_gas_cap_test_0003_f7111701f7da6044,gas_cap,instrument_cluster,MISMATCH,MATCH
v4_gas_cap_test_0012_102a40a2dd52ee22_mismatch_02,v4_gas_cap_test_0012_102a40a2dd52ee22,gas_cap,instrument_cluster,MISMATCH,PARTIAL_MATCH
v4_gas_cap_test_0020_151c806f5babb078_mismatch_02,v4_gas_cap_test_0020_151c806f5babb078,gas_cap,instrument_cluster,MISMATCH,PARTIAL_MATCH
v4_gas_cap_test_0013_36c13de0a3f3e94c_mismatch_02,v4_gas_cap_test_0013_36c13de0a3f3e94c,gas_cap,instrument_cluster,MISMATCH,PARTIAL_MATCH
v4_gas_cap_test_0014_774c69ab2f5f11bb_mismatch_02,v4_gas_cap_test_0014_774c69ab2f5f11bb,gas_cap,instrument_cluster,MISMATCH,PARTIAL_MATCH
v4_gas_cap_test_0001_78136098cebdbb4b_mismatch_02,v4_gas_cap_test_0001_78136098cebdbb4b,gas_cap,instrument_cluster,MISMATCH,PARTIAL_MATCH
v4_gas_cap_test_0002_8560c1056931516b_mismatch_02,v4_gas_cap_test_0002_8560c1056931516b,gas_cap,instrument_cluster,MISMATCH,PARTIAL_MATCH
v4_gas_cap_test_0028_9778bfdb018a0655_mismatch_02,v4_gas_cap_test_0028_9778bfdb018a0655,gas_cap,instrument_cluster,MISMATCH,PARTIAL_MATCH
v4_gas_cap_test_0005_9deac92c452e04c7_mismatch_02,v4_gas_cap_test_0005_9deac92c452e04c7,gas_cap,instrument_cluster,MISMATCH,PARTIAL_MATCH
v4_gas_cap_test_0010_a9706e4873ed732e_mismatch_02,v4_gas_cap_test_0010_a9706e4873ed732e,gas_cap,instrument_cluster,MISMATCH,PARTIAL_MATCH
v4_gas_cap_test_0008_b238346763a78cda_mismatch_02,v4_gas_cap_test_0008_b238346763a78cda,gas_cap,instrument_cluster,MISMATCH,PARTIAL_MATCH
v4_gas_cap_test_0011_b316d97b5fdc74f4_mismatch_02,v4_gas_cap_test_0011_b316d97b5fdc74f4,gas_cap,instrument_cluster,MISMATCH,MATCH
v4_gas_cap_test_0019_f43aeebd4a3e1490_mismatch_02,v4_gas_cap_test_0019_f43aeebd4a3e1490,gas_cap,radio,MISMATCH,PARTIAL_MATCH
v4_gas_cap_test_0003_f7111701f7da6044_mismatch_02,v4_gas_cap_test_0003_f7111701f7da6044,gas_cap,radio,MISMATCH,PARTIAL_MATCH
v4_side_mirror_test_0006_5a269ab0e63b645f_mismatch_01,v4_side_mirror_test_0006_5a269ab0e63b645f,side_mirror,radio,MISMATCH,MATCH
v4_side_mirror_test_0002_b76002f438f8ebcc_mismatch_01,v4_side_mirror_test_0002_b76002f438f8ebcc,side_mirror,radio,MISMATCH,MATCH
v4_side_mirror_test_0006_5a269ab0e63b645f_mismatch_02,v4_side_mirror_test_0006_5a269ab0e63b645f,side_mirror,radio,MISMATCH,MATCH
v4_side_mirror_test_0002_b76002f438f8ebcc_mismatch_02,v4_side_mirror_test_0002_b76002f438f8ebcc,side_mirror,radio,MISMATCH,MATCH
v4_side_mirror_test_0012_c4206953cdd237e6_mismatch_02,v4_side_mirror_test_0012_c4206953cdd237e6,side_mirror,shift_knob,MISMATCH,MATCH
v4_spoiler_test_0027_7406f6f90bfbdc98_mismatch_01,v4_spoiler_test_0027_7406f6f90bfbdc98,spoiler,shift_knob,MISMATCH,MATCH
v4_spoiler_test_0029_7a1b007e2071e851_mismatch_01,v4_spoiler_test_0029_7a1b007e2071e851,spoiler,shift_knob,MISMATCH,MATCH
v4_spoiler_test_0026_d87ccb682ecf0414_mismatch_01,v4_spoiler_test_0026_d87ccb682ecf0414,spoiler,shift_knob,MISMATCH,MATCH
v4_spoiler_test_0027_7406f6f90bfbdc98_mismatch_02,v4_spoiler_test_0027_7406f6f90bfbdc98,spoiler,shift_knob,MISMATCH,MATCH
v4_spoiler_test_0029_7a1b007e2071e851_mismatch_02,v4_spoiler_test_0029_7a1b007e2071e851,spoiler,shift_knob,MISMATCH,MATCH
v4_spoiler_test_0006_a206c0a26686794d_mismatch_02,v4_spoiler_test_0006_a206c0a26686794d,spoiler,shift_knob,MISMATCH,MATCH
v4_spoiler_test_0026_d87ccb682ecf0414_mismatch_02,v4_spoiler_test_0026_d87ccb682ecf0414,spoiler,shift_knob,MISMATCH,MATCH
v4_spoiler_test_0005_f923e82d4e1a2440_mismatch_02,v4_spoiler_test_0005_f923e82d4e1a2440,spoiler,muffler,MISMATCH,MATCH
v4_spoiler_test_0003_fdaef9dee2220718_mismatch_02,v4_spoiler_test_0003_fdaef9dee2220718,spoiler,muffler,MISMATCH,MATCH
v4_window_regulator_test_0025_1190a71b58055030_mismatch_01,v4_window_regulator_test_0025_1190a71b58055030,window_regulator,muffler,MISMATCH,MATCH
v4_window_regulator_test_0024_7f4068eb0f0829a1_mismatch_01,v4_window_regulator_test_0024_7f4068eb0f0829a1,window_regulator,muffler,MISMATCH,MATCH
v4_window_regulator_test_0025_1190a71b58055030_mismatch_02,v4_window_regulator_test_0025_1190a71b58055030,window_regulator,muffler,MISMATCH,MATCH
v4_window_regulator_test_0024_7f4068eb0f0829a1_mismatch_02,v4_window_regulator_test_0024_7f4068eb0f0829a1,window_regulator,muffler,MISMATCH,MATCH
v4_window_regulator_test_0019_033ef6d500a0ad11_mismatch_03,v4_window_regulator_test_0019_033ef6d500a0ad11,window_regulator,oxygen_sensor,MISMATCH,PARTIAL_MATCH
v4_window_regulator_test_0017_06f914703900d196_mismatch_03,v4_window_regulator_test_0017_06f914703900d196,window_regulator,oxygen_sensor,MISMATCH,PARTIAL_MATCH
v4_oil_filter_test_0012_de18d868a0aee745_mismatch_01,v4_oil_filter_test_0012_de18d868a0aee745,oil_filter,oxygen_sensor,MISMATCH,PARTIAL_MATCH
v4_oil_filter_test_0012_de18d868a0aee745_mismatch_02,v4_oil_filter_test_0012_de18d868a0aee745,oil_filter,oxygen_sensor,MISMATCH,PARTIAL_MATCH
v4_oil_filter_test_0013_104ba562c68f613d_mismatch_03,v4_oil_filter_test_0013_104ba562c68f613d,oil_filter,headlight,MISMATCH,MATCH
v4_oil_filter_test_0005_2a376e956ae64cd3_mismatch_03,v4_oil_filter_test_0005_2a376e956ae64cd3,oil_filter,headlight,MISMATCH,MATCH
v4_oil_filter_test_0009_360bfdbbc7799c49_mismatch_03,v4_oil_filter_test_0009_360bfdbbc7799c49,oil_filter,headlight,MISMATCH,MATCH
v4_oil_pan_test_0030_16e4f94a946f9662_mismatch_01,v4_oil_pan_test_0030_16e4f94a946f9662,oil_pan,headlight,MISMATCH,MATCH
v4_oil_pan_test_0030_16e4f94a946f9662_mismatch_02,v4_oil_pan_test_0030_16e4f94a946f9662,oil_pan,headlight,MISMATCH,MATCH
v4_oil_pressure_sensor_test_0015_85b5233f9c9a1cc1_mismatch_02,v4_oil_pressure_sensor_test_0015_85b5233f9c9a1cc1,oil_pressure_sensor,air_compressor,MISMATCH,PARTIAL_MATCH
v4_oil_pressure_sensor_test_0030_bd42ee3450d997ec_mismatch_02,v4_oil_pressure_sensor_test_0030_bd42ee3450d997ec,oil_pressure_sensor,air_compressor,MISMATCH,PARTIAL_MATCH
v4_oil_pressure_sensor_test_0022_dc1d52d5757bee2f_mismatch_02,v4_oil_pressure_sensor_test_0022_dc1d52d5757bee2f,oil_pressure_sensor,air_compressor,MISMATCH,PARTIAL_MATCH
v4_oil_pressure_sensor_test_0017_dc9d84b06986f63e_mismatch_02,v4_oil_pressure_sensor_test_0017_dc9d84b06986f63e,oil_pressure_sensor,air_compressor,MISMATCH,PARTIAL_MATCH
v4_radio_test_0012_509d051f266093ea_mismatch_01,v4_radio_test_0012_509d051f266093ea,radio,overflow_tank,MISMATCH,MATCH
v4_radio_test_0012_509d051f266093ea_mismatch_02,v4_radio_test_0012_509d051f266093ea,radio,overflow_tank,MISMATCH,MATCH
v4_radio_test_0013_8a465da2cd78da9a_mismatch_02,v4_radio_test_0013_8a465da2cd78da9a,radio,radiator,MISMATCH,MATCH
v4_shift_knob_test_0025_f46b72f5f8b40d4b_mismatch_01,v4_shift_knob_test_0025_f46b72f5f8b40d4b,shift_knob,radiator,MISMATCH,PARTIAL_MATCH
v4_shift_knob_test_0025_f46b72f5f8b40d4b_mismatch_02,v4_shift_knob_test_0025_f46b72f5f8b40d4b,shift_knob,radiator_fan,MISMATCH,PARTIAL_MATCH
v4_muffler_test_0002_09acce48324ef3e2_mismatch_01,v4_muffler_test_0002_09acce48324ef3e2,muffler,radiator_fan,MISMATCH,MATCH
v4_muffler_test_0002_09acce48324ef3e2_mismatch_02,v4_muffler_test_0002_09acce48324ef3e2,muffler,radiator_fan,MISMATCH,MATCH
v4_muffler_test_0013_e6708ab892f85cb9_mismatch_02,v4_muffler_test_0013_e6708ab892f85cb9,muffler,radiator_hose,MISMATCH,MATCH
v4_oxygen_sensor_test_0027_df9cb5ae34907a2d_mismatch_01,v4_oxygen_sensor_test_0027_df9cb5ae34907a2d,oxygen_sensor,radiator_hose,MISMATCH,MATCH
v4_oxygen_sensor_test_0022_2d9775ab2b8d35a4_mismatch_02,v4_oxygen_sensor_test_0022_2d9775ab2b8d35a4,oxygen_sensor,radiator_hose,MISMATCH,PARTIAL_MATCH
v4_oxygen_sensor_test_0027_df9cb5ae34907a2d_mismatch_02,v4_oxygen_sensor_test_0027_df9cb5ae34907a2d,oxygen_sensor,thermostat,MISMATCH,PARTIAL_MATCH
